{
    "name": "nyc_http_to_adls_pipeline",
    "properties": {
        "activities": [
            {
                "name": "ForEach1",
                "type": "ForEach",
                "dependsOn": [],
                "userProperties": [],
                "typeProperties": {
                    "items": {
                        "value": "@range(1,12)",
                        "type": "Expression"
                    },
                    "isSequential": true,
                    "activities": [
                        {
                            "name": "If Condition1",
                            "type": "IfCondition",
                            "dependsOn": [],
                            "userProperties": [],
                            "typeProperties": {
                                "expression": {
                                    "value": "@greater(item(),9 )",
                                    "type": "Expression"
                                },
                                "ifFalseActivities": [
                                    {
                                        "name": "Copy data less than or equal 9",
                                        "type": "Copy",
                                        "dependsOn": [],
                                        "policy": {
                                            "timeout": "0.12:00:00",
                                            "retry": 0,
                                            "retryIntervalInSeconds": 30,
                                            "secureOutput": false,
                                            "secureInput": false
                                        },
                                        "userProperties": [],
                                        "typeProperties": {
                                            "source": {
                                                "type": "ParquetSource",
                                                "storeSettings": {
                                                    "type": "HttpReadSettings",
                                                    "requestMethod": "GET"
                                                },
                                                "formatSettings": {
                                                    "type": "ParquetReadSettings"
                                                }
                                            },
                                            "sink": {
                                                "type": "ParquetSink",
                                                "storeSettings": {
                                                    "type": "AzureBlobFSWriteSettings"
                                                },
                                                "formatSettings": {
                                                    "type": "ParquetWriteSettings"
                                                }
                                            },
                                            "enableStaging": false,
                                            "translator": {
                                                "type": "TabularTranslator",
                                                "typeConversion": true,
                                                "typeConversionSettings": {
                                                    "allowDataTruncation": true,
                                                    "treatBooleanAsNumber": false
                                                }
                                            }
                                        },
                                        "inputs": [
                                            {
                                                "referenceName": "Parquet_src_less_than_orequal_9",
                                                "type": "DatasetReference",
                                                "parameters": {
                                                    "p_month": {
                                                        "value": "@item()",
                                                        "type": "Expression"
                                                    }
                                                }
                                            }
                                        ],
                                        "outputs": [
                                            {
                                                "referenceName": "Parquet_adls",
                                                "type": "DatasetReference"
                                            }
                                        ]
                                    }
                                ],
                                "ifTrueActivities": [
                                    {
                                        "name": "Copy data greater than 9",
                                        "type": "Copy",
                                        "dependsOn": [],
                                        "policy": {
                                            "timeout": "0.12:00:00",
                                            "retry": 0,
                                            "retryIntervalInSeconds": 30,
                                            "secureOutput": false,
                                            "secureInput": false
                                        },
                                        "userProperties": [],
                                        "typeProperties": {
                                            "source": {
                                                "type": "ParquetSource",
                                                "storeSettings": {
                                                    "type": "HttpReadSettings",
                                                    "requestMethod": "GET"
                                                },
                                                "formatSettings": {
                                                    "type": "ParquetReadSettings"
                                                }
                                            },
                                            "sink": {
                                                "type": "ParquetSink",
                                                "storeSettings": {
                                                    "type": "AzureBlobFSWriteSettings"
                                                },
                                                "formatSettings": {
                                                    "type": "ParquetWriteSettings"
                                                }
                                            },
                                            "enableStaging": false,
                                            "translator": {
                                                "type": "TabularTranslator",
                                                "typeConversion": true,
                                                "typeConversionSettings": {
                                                    "allowDataTruncation": true,
                                                    "treatBooleanAsNumber": false
                                                }
                                            }
                                        },
                                        "inputs": [
                                            {
                                                "referenceName": "Parquet_src_grater_than_9",
                                                "type": "DatasetReference",
                                                "parameters": {
                                                    "p_month": {
                                                        "value": "@item()",
                                                        "type": "Expression"
                                                    }
                                                }
                                            }
                                        ],
                                        "outputs": [
                                            {
                                                "referenceName": "Parquet_adls",
                                                "type": "DatasetReference"
                                            }
                                        ]
                                    }
                                ]
                            }
                        }
                    ]
                }
            }
        ],
        "annotations": [],
        "lastPublishTime": "2024-12-23T18:27:25Z"
    },
    "type": "Microsoft.DataFactory/factories/pipelines"
}