{
    "name": "Parquet_adls",
    "properties": {
        "linkedServiceName": {
            "referenceName": "AzureDataLakeStorage",
            "type": "LinkedServiceReference"
        },
        "annotations": [],
        "type": "Parquet",
        "typeProperties": {
            "location": {
                "type": "AzureBlobFSLocation",
                "folderPath": "tripdata2023",
                "fileSystem": "bronze"
            },
            "compressionCodec": "snappy"
        },
        "schema": [
            {
                "name": "VendorID",
                "type": "INT64"
            },
            {
                "name": "lpep_pickup_datetime",
                "type": "TIMESTAMP_MICROS"
            },
            {
                "name": "lpep_dropoff_datetime",
                "type": "TIMESTAMP_MICROS"
            },
            {
                "name": "store_and_fwd_flag",
                "type": "UTF8"
            },
            {
                "name": "RatecodeID",
                "type": "DOUBLE"
            },
            {
                "name": "PULocationID",
                "type": "INT64"
            },
            {
                "name": "DOLocationID",
                "type": "INT64"
            },
            {
                "name": "passenger_count",
                "type": "DOUBLE"
            },
            {
                "name": "trip_distance",
                "type": "DOUBLE"
            },
            {
                "name": "fare_amount",
                "type": "DOUBLE"
            },
            {
                "name": "extra",
                "type": "DOUBLE"
            },
            {
                "name": "mta_tax",
                "type": "DOUBLE"
            },
            {
                "name": "tip_amount",
                "type": "DOUBLE"
            },
            {
                "name": "tolls_amount",
                "type": "DOUBLE"
            },
            {
                "name": "ehail_fee",
                "type": "INT32"
            },
            {
                "name": "improvement_surcharge",
                "type": "DOUBLE"
            },
            {
                "name": "total_amount",
                "type": "DOUBLE"
            },
            {
                "name": "payment_type",
                "type": "DOUBLE"
            },
            {
                "name": "trip_type",
                "type": "DOUBLE"
            },
            {
                "name": "congestion_surcharge",
                "type": "DOUBLE"
            }
        ]
    },
    "type": "Microsoft.DataFactory/factories/datasets"
}