{
    "now": "2025-01-28T16:36:57.040Z",
    "perfNow": 13954.399999976158,
    "diagnosticCorrelation": "9f355080-c85b-4745-974d-66a08068bd8d",
    "source": "DownloadSupportFiles",
    "environment": {
        "productName": "adf",
        "buildVersion": "1.0.012325.2",
        "environmentType": 3,
        "resourceName": "myadfnyc",
        "resourceRegion": "centralindia",
        "resourceGroup": "NYC_taxi_project",
        "subscriptionId": "1c3581be-6e5c-4a48-b9d5-525ec79b7c7c",
        "sessionId": "UKJSaNXzKYvSWW1Z2rBvdE",
        "operationId": "",
        "gitType": "live",
        "loggingKey": "55ebf6dc-8220-409c-829b-962828fc6795"
    },
    "additionalInfo": {
        "selectedResource": "nyc_http_to_adls_pipeline",
        "selectedResourceType": "pipeline"
    }
}